TAZ,TOTHH
141,149
142,31
143,52
144,44
145,169
146,81
147,125
148,280
149,350
150,539
151,243
152,521
153,13
154,63
155,121
156,110
157,46
158,245
159,547
160,99
161,266
162,660
163,6
164,32
165,29
166,95
167,23
168,99
169,169
170,14
171,58
172,82
173,225
174,15
175,10
176,475
177,259
178,588
179,341
180,17
181,100
182,66
183,869
184,878
185,408
186,156
187,598
188,176
189,349
190,347
191,525
192,464
193,151
194,128
195,428
196,1443
197,83
198,815
199,414
200,334
201,640
202,126
203,279
204,497
205,325
206,22
207,989
208,877
209,1237
210,605
211,238
212,28
213,237
214,334
215,0
216,103
217,1153
218,499
219,844
220,738
221,827
222,746
223,126
224,526
225,519
226,329
227,537
228,322
229,501
230,449
231,615
232,28
233,52
234,104
235,65
236,91
237,43
238,199
239,7
240,68
241,96
242,62
243,145
244,22
245,35
246,238
247,194
248,46
249,84
250,51
251,93
252,105
253,23
254,139
255,88
256,238
257,206
258,286
259,61
260,13
261,29
262,10
263,0
264,7
265,168
266,71
267,349
268,495
269,267
270,450
271,349
272,480
273,218
274,313
275,420
276,1135
277,254
278,510
279,1048
280,1090
281,835
282,508
283,395
284,459
285,785
286,1254
287,309
288,814
289,725
290,460
291,469
292,493
293,597
294,525
295,356
296,666
297,288
298,419
299,585
300,516
301,370
302,387
303,147
304,9
305,285
306,89
307,317
308,403
309,390
310,296
311,411
312,941
313,2
314,10
315,432
316,0
317,0
318,83
319,188
320,63
321,15
322,191
323,46
324,101
325,0
326,9
327,70
328,43
329,180
330,1
331,0
332,319
333,108
334,29
335,70
336,226
337,307
338,312
339,714
340,409
341,169
342,538
343,776
344,472
345,3
346,568
347,293
348,430
349,178
350,44
351,349
352,70
353,136
354,626
355,625
356,428
357,454
358,374
359,428
360,221
361,624
362,253
363,119
364,37
365,175
366,231
367,0
368,137
369,185
370,436
371,501
372,263
373,877
374,603
375,136
376,458
377,249
378,248
379,159
380,466
381,206
382,618
383,321
384,193
385,312
386,1148
387,657
388,352
389,197
390,190
391,1
392,457
393,613
394,620
395,471
396,597
397,285
398,199
399,1
400,7
401,729
402,0
403,322
404,232
405,845
406,448
407,454
408,256
409,368
410,15
411,396
412,1036
413,971
414,413
415,960
416,186
417,1643
418,1251
419,434
420,287
424,71
425,43
426,680
427,1203
428,90
429,323
430,403
431,237
432,376
433,336
434,838
435,882
436,341
437,53
438,265
439,97
440,373
441,395
442,178
443,76
444,330
445,454
446,589
447,319
448,459
449,653
450,595
451,500
452,526
453,439
454,464
455,497
456,216
457,360
458,661
459,409
460,772
461,444
462,643
463,340
464,584
465,907
466,111
467,1610
468,129
469,523
470,110
471,757
472,1132
473,588
474,0
475,0
476,0
477,0
478,0
479,232
480,0
481,445
482,574
483,524
484,393
485,16
486,0
487,763
488,919
489,48
490,935
491,526
492,681
493,714
494,766
495,511
496,701
497,1014
498,737
499,1342
500,438
501,287
502,916
503,291
504,1561
505,1250
506,1
507,412
508,196
509,348
510,301
511,519
512,338
513,1132
514,449
515,1071
516,858
517,543
518,25
519,450
520,396
521,274
522,349
523,659
524,732
525,1505
526,1153
527,1017
528,1306
529,436
530,1665
531,197
532,711
533,929
534,984
535,1412
536,285
537,397
538,571
539,264
540,116
541,1430
542,1408
543,1478
544,1094
545,830
546,1101
547,575
548,620
549,610
550,544
551,385
552,548
553,896
554,826
555,1045
556,486
557,920
558,649
559,466
560,52
561,293
562,7
563,1026
564,391
565,0
566,563
567,403
568,198
569,3
570,324
571,223
572,223
573,403
574,364
575,2
576,25
577,2
578,595
579,417
580,355
581,439
582,417
583,522
584,43
585,287
586,0
587,2
588,618
589,249
590,551
591,273
592,269
593,565
594,314
595,236
596,372
597,280
598,839
599,4
600,96
601,356
602,504
603,67
604,186
605,808
606,639
607,595
608,0
609,723
610,351
611,555
612,723
613,383
614,386
615,573
616,447
617,0
618,1387
619,288
620,1
621,830
622,365
623,287
624,344
625,292
626,504
627,1052
628,534
629,535
630,768
631,648
632,871
633,543
634,575
635,506
636,972
637,742
638,338
639,450
640,0
641,1665
642,45
643,0
644,139
645,0
646,0
647,983
648,420
649,546
650,1483
651,457
652,966
653,1503
654,696
655,0
656,0
657,0
658,0
659,0
660,0
661,0
662,0
663,0
664,0
665,0
666,0
667,0
668,0
669,0
670,0
671,0
672,0
673,0
674,0
675,0
676,0
677,0
678,0
679,0
680,0
681,1
682,0
683,1
684,9
685,1
686,0
687,0
688,0
689,0
690,0
691,2
692,0
693,0
694,0
695,433
696,1325
697,880
698,722
699,274
700,3
701,408
702,259
703,593
704,750
705,953
706,54
707,439
708,152
709,512
710,342
711,958
712,683
713,0
714,0
715,0
716,2
717,209
718,556
719,438
720,323
721,453
722,40
723,688
724,521
725,524
726,978
727,769
728,0
729,0
730,204
731,1
732,709
733,0
734,0
735,0
736,0
737,104
738,224
739,0
740,0
741,0
742,0
743,0
744,0
745,8
746,0
747,0
748,1990
749,149
750,413
751,58
752,652
753,430
754,777
755,1396
756,541
757,1045
758,39
759,250
760,512
761,942
762,26
763,109
764,170
765,107
766,60
767,97
768,49
769,93
770,0
771,1
772,0
773,1
774,0
775,4
776,0
777,1
778,1
779,5
780,1
781,1
782,0
783,0
784,1213
785,1094
786,552
787,383
788,674
789,669
790,678
791,298
792,137
793,0
794,0
795,0
796,0
797,0
798,0
799,0
800,1
801,953
802,1
803,0
804,326
805,0
806,18
807,0
808,1
809,339
810,255
811,10
812,0
813,1
814,2
815,0
816,0
817,1009
818,286
819,662
820,240
821,345
822,1
823,0
824,0
825,1252
826,520
827,565
828,166
829,757
830,552
831,402
832,0
833,124
834,173
835,579
836,0
837,501
838,845
839,378
840,29
841,647
842,0
843,0
844,0
845,273
846,0
847,281
848,492
849,361
850,712
851,1055
852,1711
853,687
854,355
855,436
856,213
857,588
858,500
859,248
860,85
861,650
862,249
863,411
864,736
865,318
866,14
867,387
868,340
869,540
870,468
871,111
872,1415
873,1855
874,1512
875,921
876,394
877,655
878,323
879,369
880,473
881,351
882,924
883,529
884,414
885,421
886,745
887,878
888,361
889,520
890,522
891,530
892,650
893,329
894,272
895,367
896,301
897,174
898,1218
899,1814
900,554
901,2825
902,0
903,12
904,323
905,30
906,0
907,210
908,830
909,578
910,448
911,917
912,1629
913,238
914,200
915,449
916,670
917,311
918,274
919,288
920,508
921,435
922,1130
923,903
924,5
925,514
926,771
927,792
928,249
929,1235
930,444
931,563
932,756
933,1496
934,1122
935,1204
936,858
937,1155
938,842
939,965
940,1052
941,602
942,127
943,312
944,870
945,655
946,644
947,0
948,650
949,292
950,94
951,0
952,0
953,0
954,0
955,95
956,182
957,590
958,291
959,316
960,249
961,83
962,0
963,474
964,50
965,13
966,0
967,1543
968,377
969,159
970,135
971,80
972,10
973,171
974,372
975,36
976,33
977,101
978,89
979,112
980,86
981,0
982,0
983,14
984,304
985,199
986,323
987,178
988,125
989,210
990,65
991,91
992,136
993,0
994,51
995,32
996,12
997,0
998,10
999,9
1000,131
1001,0
1002,0
1003,45
1004,63
1005,18
1006,39
1007,19
1008,44
1009,82
1010,58
1011,178
1012,176
1013,101
1014,45
1015,0
1016,24
1017,38
1018,320
1019,222
1020,85
1021,436
1022,88
1023,148
1024,194
1025,460
1026,43
1027,7
1028,142
1029,0
1030,261
1031,289
1032,742
1033,158
1034,377
1035,1
1036,181
1037,20
1038,286
1039,457
1040,395
1041,503
1042,0
1043,1193
1044,428
1045,147
1046,279
1047,263
1048,145
1049,260
1050,290
1051,664
1052,518
1053,571
1054,570
1055,46
1056,388
1057,700
1058,462
1059,385
1060,124
1061,223
1062,269
1063,390
1064,271
1065,119
1066,392
1067,531
1068,1195
1069,575
1070,486
1071,418
1072,393
1073,511
1074,367
1075,0
1076,869
1077,319
1078,133
1079,7
1080,145
1081,154
1082,367
1083,245
1084,456
1085,148
1086,510
1087,765
1088,430
1089,704
1090,506
1091,398
1092,458
1093,0
1094,617
1095,306
1096,181
1097,6
1098,38
1099,297
1100,325
1101,27
1102,128
1103,651
1104,658
1105,0
1106,720
1107,655
1108,234
1109,203
1110,318
1111,145
1112,205
1113,315
1114,513
1115,583
1116,289
1117,830
1118,488
1119,272
1120,143
1121,5
1122,2
1123,506
1124,322
1125,141
1126,584
1127,694
1128,580
1129,601
1130,650
1131,625
1132,595
1133,503
1134,315
1135,378
1136,490
1137,1
1138,0
1139,5
1140,0
1141,308
1142,524
1143,143
1144,372
1145,912
1146,753
1147,613
1148,605
1149,494
1150,246
1151,226
1152,553
1153,515
1154,530
1155,508
1156,440
1157,527
1158,517
1159,706
1160,396
1161,332
1162,270
1163,28
1164,0
1165,10
1166,0
1167,15
1168,88
1169,252
1170,77
1171,322
1172,295
1173,192
1174,320
1175,206
1176,509
1177,121
1178,224
1179,55
1180,28
1181,0
1182,529
1183,663
1184,0
1185,0
1186,33
1187,200
1188,20
1189,0
1190,0
1191,0
1192,224
1193,324
1194,393
1195,700
1196,591
1197,335
1198,1
1199,7
1200,13
1201,72
1202,269
1203,19
1204,98
1205,46
1206,6
1207,331
1208,327
1209,2
1210,277
1211,618
1212,475
1213,363
1214,191
1215,295
1216,1218
1217,1102
1218,468
1219,181
1220,1050
1221,480
1222,531
1223,1147
1224,760
1225,1
1226,417
1227,629
1228,267
1229,252
1230,61
1231,648
1232,41
1233,12
1234,0
1235,677
1236,285
1237,260
1238,381
1239,1257
1240,1028
1241,416
1242,527
1243,6
1244,562
1245,16
1246,566
1247,26
1248,226
1249,724
1250,880
1251,197
1252,362
1253,424
1254,36
1255,241
1256,760
1257,341
1258,597
1259,617
1260,752
1261,769
1262,535
1263,616
1264,594
1265,206
1266,781
1267,468
1268,169
1269,275
1270,194
1271,455
1272,627
1273,322
1274,709
1275,142
1276,728
1277,324
1278,408
1279,289
1280,451
1281,366
1282,304
1283,369
1284,462
1285,396
1286,965
1287,674
1288,817
1289,964
1290,1266
1291,661
1292,776
1293,1485
1294,448
1295,508
1296,544
1297,357
1298,366
1299,679
1300,440
1301,659
1302,770
1303,857
1304,360
1305,548
1306,1550
1307,768
1308,710
1309,965
1310,509
1311,354
1312,453
1313,504
1314,282
1315,484
1316,196
1317,322
1318,423
1319,204
1320,475
1321,384
1322,92
1323,662
1324,456
1325,595
1326,307
1327,350
1328,296
1329,468
1330,1076
1331,1255
1332,522
1333,197
1334,538
1335,228
1336,367
1337,338
1338,278
1339,0
1340,0
1341,0
1342,0
1343,0
1344,0
1345,3
1346,0
1347,388
1348,2
1349,0
1350,144
1351,0
1352,0
1353,0
1354,204
1355,747
1356,648
1357,1284
1358,796
1359,0
1360,86
1361,5
1362,61
1363,264
1364,200
1365,0
1366,303
1367,0
1368,0
1369,0
1370,0
1371,0
1372,0
1373,336
1374,0
1375,516
1376,339
1377,215
1378,0
1379,424
1380,0
1381,103
1382,511
1383,0
1384,356
1385,0
1386,372
1387,251
1388,0
1389,0
1390,0
1391,0
1392,0
1393,0
1394,0
1395,11
1396,164
1397,289
1398,694
1399,0
1400,0
1401,157
1402,1
1403,107
1404,1064
1405,711
1406,276
1407,276
1408,355
1409,113
1410,154
1411,1630
1412,951
1413,1994
1414,735
1415,1319
1416,651
1417,93
1418,25
1419,111
1420,1429
1421,688
1422,1242
1423,1674
1424,238
1425,291
1426,495
1427,688
1428,482
1429,0
1430,1839
1431,809
1432,209
1433,1204
1434,807
1435,923
1436,699
1437,667
1438,774
1439,471
1440,956
1441,1246
1442,552
1443,315
1444,1006
1445,456
1446,7
1447,183
1448,247
1449,856
1450,0
1451,1588
1452,473
1453,3
1454,242
1455,283
1456,1447
1457,1132
1458,769
1459,68
1460,1149
1461,326
1462,155
1463,1295
1464,681
1465,4
1466,284
1467,383
1468,479
1469,114
1470,226
1471,462
1472,66
1473,199
1474,75
1475,889
1476,51
1477,456
1478,427
1479,755
1480,2
1481,5
1482,479
1483,401
1484,269
1485,33
1486,310
1487,510
1488,342
1489,683
1490,201
1491,712
1492,272
1493,13
1494,0
1495,340
1496,247
1497,332
1498,375
1499,369
1500,220
1501,971
1502,273
1503,302
1504,383
1505,363
1506,409
1507,704
1508,569
1509,412
1510,248
1511,225
1512,284
1513,551
1514,704
1515,15
1516,1
1517,730
1518,593
1519,110
1520,95
1521,15
1522,94
1523,122
1524,47
1525,4
1526,163
1527,104
1528,90
1529,70
1530,0
1531,765
1532,674
1533,0
1534,119
1535,1432
1536,254
1537,751
1538,526
1539,326
1540,372
1541,694
1542,494
1543,129
1544,127
1545,1299
1546,471
1547,465
1548,194
1549,290
1550,607
1551,215
1552,48
1553,472
1554,299
1555,409
1556,155
1557,340
1558,267
1559,224
1560,364
1561,353
1562,39
1563,1168
1564,3
1565,1319
1566,175
1567,305
1568,223
1569,691
1570,542
1571,681
1572,692
1573,705
1574,248
1575,172
1576,290
1577,23
1578,0
1579,161
1580,79
1581,350
1582,287
1583,95
1584,216
1585,465
1586,386
1587,302
1588,185
1589,321
1590,620
1591,660
1592,528
1593,242
1594,107
1595,207
1596,154
1597,59
1598,86
1599,31
1600,597
1601,476
1602,0
1603,236
1604,17
1605,430
1606,603
1607,96
1608,274
1609,135
1610,169
1611,66
1612,136
1613,72
1614,117
1615,154
1616,620
1617,175
1618,171
1619,167
1620,96
1621,111
1622,223
1623,9
1624,79
1625,768
1626,45
1627,68
1628,317
1629,347
1630,131
1631,3
1632,3
1633,430
1634,1
1635,915
1636,536
1637,307
1638,532
1639,993
1640,398
1641,553
1642,240
1643,677
1644,537
1645,777
1646,141
1647,132
1648,1260
1649,702
1650,321
1651,398
1652,1367
1653,490
1654,127
1655,726
1656,905
1657,186
1658,265
1659,0
1660,741
1661,638
1662,954
1663,301
1664,712
1665,449
1666,980
1667,804
1668,201
1669,281
1670,177
1671,469
1672,269
1673,470
1674,805
1675,942
1676,386
1677,611
1678,367
1679,580
1680,776
1681,449
1682,468
1683,527
1684,594
1685,380
1686,662
1687,244
1688,1341
1689,1346
1690,280
1691,299
1692,310
1693,411
1694,1024
1695,238
1696,436
1697,507
1698,344
1699,395
1700,449
1701,1329
1702,724
1703,332
1704,113
1705,388
1706,81
1707,131
1708,569
1709,390
1710,261
1711,470
1712,740
1713,329
1714,381
1715,672
1716,458
1717,441
1718,327
1719,220
1720,1029
1721,484
1722,983
1723,725
1724,331
1725,182
1726,94
1727,223
1728,1
1729,146
1730,273
1731,643
1732,885
1733,370
1734,313
1735,475
1736,338
1737,517
1738,397
1739,474
1740,391
1741,269
1742,404
1743,407
1744,489
1745,361
1746,859
1747,516
1748,229
1749,304
1750,432
1751,428
1752,622
1753,862
1754,50
1755,707
1756,277
1757,15
1758,492
1759,491
1760,184
1761,515
1762,659
1763,734
1764,165
1765,100
1766,345
1767,231
1768,286
1769,157
1770,503
1771,385
1772,749
1773,4
1774,475
1775,397
1776,573
1777,555
1778,898
1779,159
1780,333
1781,992
1789,1
1790,0
1791,0
1792,0
1793,1
1794,0
1795,1
1796,0
1797,0
1798,0
1799,0
1800,0
1801,0
1802,4
1803,6
1804,6
1805,23
1806,7
1807,1
1808,5
1809,0
1810,0
1811,0
1812,0
1813,0
1814,0
1815,1
1816,11
1817,112
1818,0
1819,4
1820,45
1821,128
1822,34
1823,357
1824,353
1825,22
1826,92
1827,46
1828,76
1829,102
1830,54
1831,90
1832,19
1833,18
1834,0
1835,13
1836,0
1837,0
1838,0
1839,0
1840,0
1841,14
1842,86
1843,0
1844,0
1845,0
1846,0
1847,0
1848,0
1849,0
1850,0
1851,0
1852,0
1853,6
1854,82
1855,0
1856,5
1857,0
1858,0
1859,0
1860,0
1861,0
1862,0
1863,0
1864,0
1865,360
1866,164
1867,319
1868,104
1869,192
1870,369
1871,59
1872,0
1873,30
1874,81
1875,177
1876,1
1877,38
1878,68
1879,21
1880,0
1881,57
1882,117
1883,0
1884,13
1885,20
1886,0
1887,0
1888,83
1889,0
1890,0
1891,0
1892,0
1893,56
1894,0
1895,0
1896,0
1897,0
1898,3
1899,84
1900,341
1901,364
1902,151
1903,390
1904,402
1905,260
1906,181
1907,114
1908,375
1909,290
1910,0
1911,0
1912,11
1913,0
1914,0
1915,3
1916,0
1917,1
1918,1
1919,0
1920,0
1921,4
1922,11
1923,70
1924,136
1925,63
1926,62
1927,40
1928,425
1929,150
1930,442
1931,176
1932,233
1933,143
1934,438
1935,119
1936,22
1937,243
1938,437
1939,185
1940,165
1941,134
1942,121
1943,116
1944,32
1945,83
1946,129
1947,67
1948,449
1949,300
1950,233
1951,666
1952,324
1953,575
1954,178
1955,365
1956,155
1957,47
1958,141
1959,46
1960,83
1961,239
1962,424
1963,446
1964,0
1965,56
1966,20
1967,0
1968,16
1969,9
1970,155
1971,97
1972,164
1973,130
1974,47
1975,225
1976,600
1977,441
1978,312
1979,111
1980,1
1981,86
1982,678
1983,183
1984,700
1985,0
1986,33
1987,0
1988,0
1989,0
1990,25
1991,20
1992,75
1993,8
1994,1
1995,121
1996,823
1997,951
1998,37
1999,28
2000,2
2001,37
2002,391
2003,73
2004,54
2005,42
2006,16
2007,32
2008,4
2009,75
2010,23
2011,21
2012,0
2013,204
2014,328
2015,171
2016,230
2017,228
2018,361
2019,131
2020,194
2021,6
2022,0
2023,113
2024,52
2025,433
2026,486
2027,127
2028,610
2029,109
2030,148
2031,281
2032,365
2033,0
2034,252
2035,17
2036,207
2037,219
2038,111
2039,263
2040,252
2041,258
2042,265
2043,75
2044,59
2045,66
2046,149
2047,59
2048,134
2049,115
2050,388
2051,35
2052,189
2053,96
2054,287
2055,220
2056,228
2057,336
2058,352
2059,218
2060,231
2061,262
2062,336
2063,289
2064,287
2065,211
2066,466
2067,338
2068,301
2069,151
2070,255
2071,105
2072,301
2073,139
2074,61
2075,153
2076,246
2077,297
2078,130
2079,0
2080,0
2081,0
2082,149
2083,2
2084,159
2085,0
2086,653
2087,0
2088,5
2089,0
2090,0
2091,0
2092,230
2093,0
2094,414
2095,0
2096,0
2097,0
2098,0
2099,0
2100,0
2101,152
2102,0
2103,356
2104,700
2105,2
2106,196
2107,23
2108,691
2109,45
2110,293
2111,662
2112,0
2113,0
2114,252
2115,240
2116,0
2117,582
2118,0
2119,845
2120,328
2121,435
2122,307
2123,413
2124,85
2125,239
2126,52
2127,335
2128,206
2129,361
2130,212
2131,174
2132,340
2133,381
2134,200
2135,250
2136,118
2137,94
2138,143
2139,340
2140,241
2141,259
2142,344
2143,250
2144,312
2145,277
2146,317
2147,226
2148,143
2149,470
2150,335
2151,473
2152,285
2153,285
2154,295
2155,218
2156,329
2157,227
2158,427
2159,354
2160,187
2161,596
2162,364
2163,428
2164,84
2165,505
2166,337
2167,528
2168,489
2169,487
2170,609
2171,2
2172,94
2173,349
2174,318
2175,251
2176,747
2177,13
2178,172
2179,421
2180,139
2181,447
2182,100
2183,673
2184,90
2185,189
2186,108
2187,742
2188,1
2189,16
2190,25
2191,70
2192,74
2193,295
2194,53
2195,101
2196,69
2197,0
2198,0
2199,18
2200,18
2201,0
2202,17
2203,0
2204,286
2205,283
2206,246
2207,120
2208,300
2209,304
2210,412
2211,599
2212,428
2213,487
2214,442
2215,539
2216,426
2217,508
2218,540
2219,52
2220,244
2221,702
2222,511
2223,637
2224,143
2225,440
2226,394
2227,38
2228,233
2229,300
2230,431
2231,1189
2232,789
2233,187
2234,279
2235,4
2236,1098
2237,1
2238,203
2239,0
2240,7
2241,0
2242,365
2243,87
2244,0
2245,0
2246,152
2247,164
2248,237
2249,319
2250,25
2251,1
2252,0
2253,0
2254,0
2255,0
2256,0
2257,0
2258,160
2259,0
2260,0
2261,0
2262,518
2263,370
2264,0
2265,135
2266,2
2267,259
2268,421
2269,1104
2270,461
2271,1
2272,228
2273,117
2274,158
2275,461
2276,1
2277,163
2278,886
2279,218
2280,128
2281,5
2282,583
2283,55
2284,15
2285,309
2286,278
2287,343
2288,545
2289,453
2290,970
2291,548
2292,732
2293,613
2294,397
2295,868
2296,406
2297,754
2298,184
2299,612
2300,729
2301,144
2302,466
2303,295
2304,105
2305,701
2306,613
2307,343
2308,599
2309,377
2310,818
2311,496
2312,421
2313,76
2314,268
2315,424
2316,526
2317,416
2318,688
2319,245
2320,531
2321,262
2322,559
2323,473
2324,452
2325,411
2326,371
2327,443
2328,631
2329,12
2330,0
2331,6
2332,297
2333,453
2334,357
2335,96
2336,453
2337,254
2338,963
2339,5
2340,311
2341,452
2342,199
2343,8
2344,0
2345,421
2346,409
2347,872
2348,361
2349,663
2350,207
2351,420
2352,0
2353,18
2354,0
2355,104
2356,348
2357,266
2358,101
2359,332
2360,85
2361,359
2362,354
2363,372
2364,109
2365,619
2366,574
2367,323
2368,476
2369,3
2370,660
2371,353
2372,500
2373,344
2374,438
2375,90
2376,202
2377,615
2378,223
2379,400
2380,826
2381,454
2382,170
2383,186
2384,24
2385,633
2386,251
2387,861
2388,983
2389,654
2390,480
2391,404
2392,770
2393,510
2394,321
2395,438
2396,128
2397,214
2398,113
2399,144
2400,0
2401,342
2402,377
2403,628
2404,332
2405,497
2406,274
2407,80
2408,381
2409,125
2410,385
2411,349
2412,112
2413,383
2414,1
2415,633
2416,278
2417,580
2418,152
2419,175
2420,222
2421,47
2422,32
2423,355
2424,39
2425,126
2426,504
2427,190
2428,477
2429,140
2430,66
2431,438
2432,254
2433,4
2434,43
2435,241
2436,509
2437,293
2438,6
2439,36
2440,17
2441,42
2442,91
2443,145
2444,33
2445,477
2446,171
2447,298
2448,305
2449,174
2450,129
2451,223
2452,308
2453,243
2454,854
2455,194
2456,24
2457,343
2458,0
2459,2
2460,74
2461,236
2462,297
2463,400
2464,295
2465,260
2466,314
2467,443
2468,245
2469,0
2470,360
2471,0
2472,0
2473,0
2474,114
2475,537
2476,434
2477,176
2478,0
2479,0
2480,0
2481,35
2482,513
2483,1
2484,0
2485,0
2486,1
2487,0
2488,0
2489,0
2490,46
2491,0
2492,1
2493,144
2494,349
2495,0
2496,228
2497,355
2498,132
2499,229
2500,216
2501,500
2502,365
2503,405
2504,279
2505,390
2506,371
2507,346
2508,323
2509,356
2510,199
2511,396
2512,283
2513,72
2514,277
2515,169
2516,496
2517,226
2518,298
2519,95
2520,63
2521,0
2522,2
2523,8
2524,30
2525,146
2526,287
2527,367
2528,239
2529,317
2530,155
2531,243
2532,237
2533,381
2534,211
2535,351
2536,245
2537,257
2538,210
2539,266
2540,93
2541,395
2542,159
2543,119
2544,276
2545,256
2546,115
2547,81
2548,260
2549,259
2550,230
2551,29
2552,245
2553,58
2554,52
2555,58
2556,1
2557,13
2558,11
2559,0
2560,0
2561,318
2562,434
2563,29
2564,90
2565,39
2566,473
2567,133
2568,74
2569,358
2570,58
2571,38
2572,5
2573,2
2574,154
2575,131
2576,497
2577,212
2578,377
2579,222
2580,676
2581,104
2582,399
2583,417
2584,474
2585,453
2586,3
2587,99
2588,23
2589,10
2590,10
2591,38
2592,0
2593,83
2594,52
2595,286
2596,329
2597,185
2598,287
2599,284
2600,268
2601,193
2602,232
2603,296
2604,294
2605,174
2606,247
2607,159
2608,248
2609,228
2610,49
2611,209
2612,292
2613,313
2614,316
2615,164
2616,127
2617,128
2618,54
2619,73
2620,131
2621,150
2622,3
2623,3
2624,25
2625,74
2626,0
2627,13
2628,16
2629,16
2630,8
2631,2
2632,241
2633,61
2634,2
2635,403
2636,175
2637,0
2638,0
2639,3
2640,1
2641,3
2642,13
2643,1
2644,0
2645,4
2646,12
2647,15
2648,1
2649,17
2650,11
2651,15
2652,12
2653,22
2654,21
2655,8
2656,13
2657,3
2658,5
2659,4
2660,5
2661,1
2662,3
2663,4
2664,15
2665,15
2666,35
2667,36
2668,13
2669,36
2670,38
2671,85
2672,9
2673,27
2674,66
2675,24
2676,8
2677,25
2678,63
2679,54
2680,17
2681,6
2682,7
2683,56
2684,3
2685,17
2686,5
2687,13
2688,5
2689,3
2690,1
2691,0
2692,66
2693,20
2694,2
2695,5
2696,13
2697,8
2698,27
2699,34
2700,14
2701,12
2702,56
2703,15
2704,18
2705,9
2706,112
2707,15
2708,40
2709,49
2710,27
2711,21
2712,9
2713,0
2714,0
2715,19
2716,229
2717,20
2718,63
2719,8
2720,11
2721,12
2722,7
2723,8
2724,3
2725,1
2726,38
2727,4
2728,4
2729,22
2730,156
2731,63
2732,154
2733,1
2734,32
2735,119
2736,20
2737,70
2738,50
2739,161
2740,91
2741,6
2742,2
2743,117
2744,330
2745,87
2746,27
2747,47
2748,243
2749,209
2750,133
2751,228
2752,183
2753,114
2754,336
2755,75
2756,158
2757,125
2758,53
2759,61
2760,145
2761,181
2762,7
2763,26
2764,132
2765,62
2766,42
2767,250
2768,339
2769,141
2770,303
2771,0
2772,72
2773,2
2774,1
2775,120
2776,96
2777,60
2778,193
2779,222
2780,205
2781,144
2782,48
2783,310
2784,63
2785,17
2786,70
2787,207
2788,412
2789,292
2790,320
2791,394
2792,268
2793,76
2794,428
2795,302
2796,0
2797,318
2798,299
2799,26
2800,391
2801,5
2802,98
2803,298
2804,100
2805,6
2806,158
2807,42
2808,9
2809,10
2810,4
2811,145
2812,209
2813,4
2814,14
2815,3
2816,6
2817,40
2818,63
2819,181
2820,229
2821,96
2822,243
2823,294
2824,353
2825,70
2826,196
2827,1
2828,0
2829,18
2830,20
2831,20
2832,108
2833,0
2834,4
2835,31
2836,86
2837,228
2838,238
2839,1
2840,301
2841,7
2842,52
2843,1
2844,1
2845,3
2846,0
2847,1
2848,1
2849,419
2850,191
2851,155
2852,4
2853,39
2854,140
2855,86
2856,45
2857,57
2858,25
2859,24
2860,1
2861,0
2862,28
2863,30
2864,110
2865,29
2866,22
2867,189
2868,103
2869,13
2870,0
2871,0
2872,0
2873,0
141,148.6666667
142,32.33333333
143,52
144,31.66666667
145,175.6666667
146,92.33333333
147,140
148,261.3333333
149,341.6666667
150,537.3333333
151,247
152,509
153,14
154,56.33333333
155,122.3333333
156,108.6666667
157,45.33333333
158,244.6666667
159,545
160,97.66666667
161,252.3333333
162,660.6666667
163,6.333333333
164,34.66666667
165,28.33333333
166,93
167,23
168,100
169,167
170,9.666666667
171,61.33333333
172,81.66666667
173,222.3333333
174,11
175,15
176,465
177,261
178,574
179,271
180,17.66666667
181,103
182,47.66666667
183,874.3333333
184,891
185,407
186,169.3333333
187,590
188,175.3333333
189,345
190,350
191,510.3333333
192,470
193,154.3333333
194,129.6666667
195,448
196,1440.666667
197,84.66666667
198,809
199,400.6666667
200,337.3333333
201,513.3333333
202,126.3333333
203,275
204,492.3333333
205,326.3333333
206,22.66666667
207,998.6666667
208,881
209,1261
210,615
211,238.3333333
212,26
213,246.6666667
214,335
215,0
216,0
217,1121.666667
218,508.6666667
219,836.6666667
220,739.3333333
221,826
222,737.6666667
223,110.6666667
224,522.6666667
225,519.3333333
226,325.6666667
227,465
228,327.6666667
229,508.6666667
230,444
231,626.6666667
232,27.33333333
233,52
234,107.6666667
235,67.33333333
236,90.66666667
237,43.66666667
238,193.6666667
239,7
240,66
241,93.66666667
242,55.66666667
243,137.3333333
244,63
245,46
246,239
247,104
248,49.66666667
249,86.66666667
250,50
251,92.33333333
252,105.6666667
253,21.66666667
254,164.3333333
255,79
256,234.6666667
257,209.6666667
258,289.6666667
259,61.33333333
260,24
261,29.66666667
262,9.333333333
263,0.666666667
264,7
265,157
266,73
267,330
268,506
269,253.6666667
270,461.3333333
271,356.6666667
272,461
273,221.3333333
274,302
275,417.3333333
276,1151.666667
277,259
278,519.3333333
279,1091.333333
280,1150
281,836.6666667
282,504.3333333
283,389.6666667
284,454
285,781
286,1257.333333
287,323.6666667
288,818
289,718
290,461
291,467.3333333
292,489
293,588.6666667
294,521.6666667
295,350.3333333
296,670.6666667
297,292.3333333
298,416.6666667
299,589
300,526.6666667
301,367.3333333
302,379
303,84.66666667
304,25
305,279.3333333
306,111.3333333
307,324.6666667
308,408.6666667
309,386.6666667
310,303.6666667
311,416.6666667
312,938.6666667
313,2
314,10.33333333
315,450.3333333
316,5
317,59.66666667
318,14.66666667
319,193
320,37.66666667
321,31.33333333
322,190.3333333
323,44.66666667
324,108
325,0
326,1
327,70.33333333
328,41.66666667
329,182.3333333
330,12.33333333
331,0.666666667
332,314.3333333
333,126
334,29.33333333
335,70
336,142.6666667
337,310.3333333
338,309.3333333
339,733.3333333
340,407
341,166.3333333
342,548.6666667
343,776
344,469.6666667
345,3
346,578
347,296
348,432.3333333
349,182
350,28.66666667
351,351.3333333
352,73.66666667
353,142.3333333
354,605.6666667
355,613.3333333
356,428.6666667
357,456.3333333
358,373.3333333
359,436.3333333
360,223.3333333
361,623.3333333
362,254.3333333
363,103
364,196.6666667
365,182
366,225
367,127.6666667
368,149.6666667
369,187
370,431.3333333
371,508
372,259.3333333
373,868
374,562
375,139
376,452.6666667
377,255.3333333
378,244
379,156.6666667
380,464.6666667
381,207.6666667
382,617
383,323.6666667
384,194.3333333
385,322
386,1149
387,677.6666667
388,345
389,211
390,189
391,1
392,456
393,619.3333333
394,625
395,471.6666667
396,596.6666667
397,292
398,201.6666667
399,1
400,21
401,734.6666667
402,0
403,340
404,255
405,834.3333333
406,450.6666667
407,456.3333333
408,255.6666667
409,383.3333333
410,15
411,397
412,1050.666667
413,975
414,426
415,946.3333333
416,196.3333333
417,1651.666667
418,1246.333333
419,423
420,290.6666667
424,70.33333333
425,74.33333333
426,682.6666667
427,1146
428,142
429,328.6666667
430,400
431,254.6666667
432,345.6666667
433,343
434,838
435,880
436,266.6666667
437,79.66666667
438,268.3333333
439,93.33333333
440,376.3333333
441,392.6666667
442,189.6666667
443,60.33333333
444,326.3333333
445,466.3333333
446,595.6666667
447,316.6666667
448,466.3333333
449,627.3333333
450,594.6666667
451,500.6666667
452,529.3333333
453,433
454,457.6666667
455,508
456,234
457,409.6666667
458,575
459,593
460,784.6666667
461,280.6666667
462,732.6666667
463,331.6666667
464,585.6666667
465,895.6666667
466,184.3333333
467,1551
468,129.6666667
469,520
470,269.6666667
471,757
472,968.6666667
473,564.6666667
474,0
475,0
476,0
477,0
478,0
479,233.3333333
480,0
481,474.3333333
482,574
483,522.3333333
484,396.3333333
485,15
486,0
487,767.6666667
488,925.3333333
489,60
490,896.3333333
491,542
492,682
493,682.3333333
494,745
495,506
496,702.6666667
497,999.6666667
498,730.3333333
499,1346
500,439
501,293.3333333
502,587.3333333
503,344
504,1463.333333
505,1248.333333
506,1.666666667
507,436
508,237.6666667
509,332
510,297
511,556
512,388
513,1004
514,419
515,1207
516,898
517,507
518,27.66666667
519,439.3333333
520,395.6666667
521,276.6666667
522,365.6666667
523,666.3333333
524,799.6666667
525,1537.333333
526,1266
527,1041.333333
528,1355
529,464.3333333
530,1757.333333
531,161.3333333
532,711.6666667
533,926.3333333
534,996.6666667
535,1406.666667
536,292.6666667
537,392.3333333
538,597.6666667
539,327.6666667
540,162.3333333
541,1437.666667
542,1443.333333
543,1473.333333
544,1059.333333
545,798
546,1152.333333
547,547
548,628.3333333
549,599.6666667
550,525.6666667
551,384.3333333
552,554
553,905.3333333
554,838
555,1033.333333
556,500
557,877
558,656.3333333
559,474.3333333
560,56
561,289.3333333
562,7.333333333
563,989.3333333
564,420.6666667
565,0
566,387.3333333
567,400.6666667
568,214.6666667
569,3
570,316.3333333
571,216
572,222.3333333
573,416.3333333
574,369.6666667
575,7
576,25
577,24.33333333
578,584.3333333
579,429.6666667
580,370.6666667
581,438.6666667
582,416.6666667
583,516.6666667
584,52.33333333
585,280.3333333
586,0
587,3.666666667
588,582.3333333
589,248
590,555.3333333
591,273.6666667
592,139.6666667
593,570.6666667
594,292.3333333
595,246.6666667
596,374.3333333
597,275
598,834.3333333
599,4
600,99.33333333
601,339.3333333
602,498.6666667
603,69.33333333
604,175.3333333
605,780
606,643
607,631
608,0
609,689.3333333
610,411.6666667
611,588
612,732
613,393.3333333
614,384.6666667
615,578.3333333
616,448.6666667
617,0
618,1365.333333
619,295.3333333
620,1
621,831.3333333
622,349.3333333
623,298.6666667
624,346.6666667
625,290
626,339
627,1050.666667
628,547.6666667
629,534.3333333
630,810.6666667
631,638.3333333
632,882.3333333
633,532.3333333
634,544
635,511
636,970.3333333
637,737.3333333
638,348
639,446.6666667
640,0
641,1683.666667
642,129
643,0
644,139
645,0
646,0
647,1015.666667
648,403.6666667
649,454.6666667
650,1500.333333
651,465.3333333
652,984.3333333
653,1555.666667
654,698.3333333
655,0
656,0
657,0
658,0
659,0
660,0
661,0
662,0
663,0
664,0
665,0
666,0
667,0
668,0
669,0
670,0
671,0
672,0
673,0
674,0
675,0
676,0
677,0
678,0
679,0
680,0
681,1
682,0
683,1
684,9
685,1
686,0
687,0
688,0
689,0
690,0
691,2.666666667
692,0
693,0
694,0
695,431.6666667
696,1330.333333
697,895
698,732.3333333
699,282.6666667
700,8.666666667
701,387
702,251.6666667
703,604.6666667
704,758.3333333
705,971.3333333
706,54.66666667
707,438
708,156.3333333
709,486.6666667
710,365.3333333
711,972.6666667
712,689.3333333
713,0
714,0
715,16.66666667
716,2
717,210
718,550.3333333
719,439.6666667
720,324
721,458.3333333
722,43.33333333
723,655.3333333
724,518.6666667
725,527
726,980.6666667
727,768.6666667
728,0
729,0
730,205.3333333
731,1
732,707.3333333
733,0
734,0
735,0
736,0
737,110.3333333
738,226
739,0
740,0
741,0
742,0
743,0
744,0
745,7.666666667
746,0
747,0
748,1992.333333
749,148.6666667
750,393.3333333
751,58.66666667
752,652.3333333
753,427.3333333
754,781.3333333
755,1397
756,537.6666667
757,998.6666667
758,56.33333333
759,326.3333333
760,512.3333333
761,917.6666667
762,1
763,106.6666667
764,159
765,125.6666667
766,89.66666667
767,92.33333333
768,39
769,87
770,0
771,1
772,0
773,1
774,0
775,4
776,0
777,1
778,1
779,5
780,1
781,1
782,0
783,0
784,1230.666667
785,1092
786,559.3333333
787,383
788,667.6666667
789,705
790,675.6666667
791,297.6666667
792,135
793,0
794,0
795,0
796,0
797,0
798,0
799,0
800,1
801,948.6666667
802,1
803,0
804,320.6666667
805,0
806,18
807,0
808,3.666666667
809,330
810,276.6666667
811,72.33333333
812,15
813,1
814,2
815,0
816,0
817,1051.333333
818,287
819,665.6666667
820,238
821,347.3333333
822,1
823,0
824,0
825,1259.666667
826,506
827,564.3333333
828,168.3333333
829,757
830,562
831,399
832,0
833,123.6666667
834,170
835,556
836,0
837,512
838,812
839,387.3333333
840,33
841,612.6666667
842,0
843,0
844,0
845,272.3333333
846,0
847,280.3333333
848,487.3333333
849,354
850,738.6666667
851,1041
852,1607.333333
853,683.6666667
854,353.6666667
855,445
856,214.3333333
857,589.3333333
858,501.3333333
859,222
860,83.66666667
861,646.6666667
862,248
863,413.3333333
864,659
865,303.6666667
866,90.33333333
867,391.6666667
868,336
869,541.6666667
870,459
871,115
872,1416.666667
873,1961.333333
874,1599.333333
875,936
876,397.3333333
877,657.3333333
878,303.3333333
879,367.3333333
880,475.6666667
881,352
882,927
883,525.3333333
884,413.3333333
885,404.3333333
886,747.6666667
887,875
888,362.3333333
889,521.6666667
890,523
891,530.3333333
892,682.3333333
893,312.3333333
894,271.6666667
895,378.6666667
896,305
897,174.6666667
898,1249.333333
899,1858.666667
900,516.3333333
901,2830.666667
902,0
903,12
904,338
905,30
906,7.666666667
907,211
908,832
909,581.6666667
910,446.3333333
911,918
912,1637
913,241.6666667
914,201
915,480.6666667
916,676.6666667
917,314
918,274.6666667
919,290
920,506.3333333
921,435.3333333
922,1130.333333
923,908
924,1.666666667
925,515.3333333
926,769.3333333
927,800.3333333
928,238.6666667
929,1226
930,445
931,568.3333333
932,752
933,1498.333333
934,1126.333333
935,1205.666667
936,832.6666667
937,1150.333333
938,844
939,967.3333333
940,1051
941,603
942,129
943,316.6666667
944,855.6666667
945,403.3333333
946,386.6666667
947,0
948,374.3333333
949,301.6666667
950,28.66666667
951,42.66666667
952,0
953,0
954,0
955,101
956,142.6666667
957,362
958,340.3333333
959,359
960,239.6666667
961,100.6666667
962,0
963,256.3333333
964,101.6666667
965,11.66666667
966,0
967,1564
968,369
969,153.6666667
970,155.6666667
971,68.33333333
972,26.33333333
973,119.6666667
974,321.3333333
975,9.666666667
976,53
977,73.66666667
978,91
979,114.6666667
980,104.6666667
981,0
982,0
983,7
984,305.3333333
985,190.3333333
986,327.6666667
987,185
988,128.3333333
989,189.3333333
990,63.66666667
991,95.66666667
992,173.6666667
993,0
994,27.66666667
995,49.66666667
996,17.33333333
997,0
998,11.66666667
999,18.66666667
1000,13
1001,0
1002,1
1003,24.33333333
1004,28
1005,58.33333333
1006,27
1007,67.33333333
1008,49.66666667
1009,92.33333333
1010,171.6666667
1011,158.3333333
1012,175
1013,36
1014,35.66666667
1015,0
1016,17.33333333
1017,23.66666667
1018,320.6666667
1019,223
1020,65.33333333
1021,422.6666667
1022,90
1023,148.3333333
1024,251
1025,455.3333333
1026,44.66666667
1027,7
1028,136.6666667
1029,0
1030,256
1031,283.3333333
1032,732.3333333
1033,169.3333333
1034,386.6666667
1035,203.6666667
1036,182.3333333
1037,92
1038,289.6666667
1039,469.3333333
1040,394.6666667
1041,512.6666667
1042,0
1043,1212.666667
1044,430
1045,146.3333333
1046,281.3333333
1047,262.6666667
1048,144.3333333
1049,256
1050,290.6666667
1051,675.6666667
1052,519.3333333
1053,575.3333333
1054,572.6666667
1055,47
1056,386.3333333
1057,700.3333333
1058,465.6666667
1059,387.6666667
1060,126
1061,227
1062,258.6666667
1063,392.6666667
1064,274.3333333
1065,193.3333333
1066,399.3333333
1067,541.3333333
1068,1194.666667
1069,567
1070,517
1071,421.3333333
1072,394
1073,512.3333333
1074,368.6666667
1075,0
1076,869.6666667
1077,320
1078,130.3333333
1079,7.666666667
1080,152
1081,164.3333333
1082,394
1083,263.6666667
1084,466.6666667
1085,161
1086,511.6666667
1087,783
1088,430.3333333
1089,694.6666667
1090,503
1091,401
1092,458
1093,0
1094,619.3333333
1095,183
1096,159
1097,6
1098,10
1099,282.6666667
1100,298.6666667
1101,16
1102,145.3333333
1103,631.6666667
1104,660.6666667
1105,0
1106,718.6666667
1107,645.6666667
1108,229.3333333
1109,202
1110,321
1111,147
1112,205
1113,318
1114,508.3333333
1115,579.3333333
1116,287
1117,843.3333333
1118,486
1119,271.6666667
1120,138.6666667
1121,5
1122,2
1123,449
1124,292.3333333
1125,114.6666667
1126,575.3333333
1127,693.6666667
1128,584
1129,599
1130,659.6666667
1131,625.3333333
1132,599.3333333
1133,501.3333333
1134,312.6666667
1135,377.6666667
1136,489.6666667
1137,1
1138,0
1139,25.33333333
1140,8.333333333
1141,339.6666667
1142,499.6666667
1143,128.3333333
1144,271.6666667
1145,915.6666667
1146,752.3333333
1147,593.3333333
1148,604.6666667
1149,492.6666667
1150,245.6666667
1151,234.6666667
1152,560.6666667
1153,517.3333333
1154,532.3333333
1155,505
1156,436.6666667
1157,514
1158,518.3333333
1159,742.3333333
1160,396.6666667
1161,329
1162,270.6666667
1163,18
1164,0.333333333
1165,29.66666667
1166,0
1167,14.66666667
1168,116.3333333
1169,259.6666667
1170,72.66666667
1171,302.3333333
1172,298.6666667
1173,176.6666667
1174,293
1175,210.6666667
1176,468
1177,124
1178,230
1179,47.66666667
1180,1.333333333
1181,1.333333333
1182,526
1183,659.3333333
1184,0
1185,0
1186,27.66666667
1187,197
1188,46.33333333
1189,0
1190,0
1191,0
1192,274.6666667
1193,303.3333333
1194,414.3333333
1195,749
1196,592.3333333
1197,342.6666667
1198,1
1199,7.333333333
1200,13
1201,73.33333333
1202,310.6666667
1203,19
1204,95.66666667
1205,52.33333333
1206,60.66666667
1207,382
1208,325
1209,2
1210,282.3333333
1211,714.6666667
1212,470
1213,361.3333333
1214,193
1215,294.6666667
1216,1257
1217,1103
1218,501.6666667
1219,194
1220,869
1221,516
1222,661.6666667
1223,1071
1224,754.3333333
1225,1
1226,478
1227,620.3333333
1228,268.3333333
1229,290
1230,34
1231,631.6666667
1232,36
1233,13.66666667
1234,0
1235,746.3333333
1236,323
1237,265.3333333
1238,388.3333333
1239,1188.666667
1240,1047.666667
1241,420.3333333
1242,528.6666667
1243,6
1244,567.6666667
1245,16.33333333
1246,560.6666667
1247,26.33333333
1248,224.3333333
1249,708.6666667
1250,832.6666667
1251,197.3333333
1252,362.6666667
1253,402.6666667
1254,36
1255,241.3333333
1256,762.6666667
1257,343
1258,597
1259,627.6666667
1260,751
1261,771.6666667
1262,536
1263,589.3333333
1264,624.3333333
1265,211.3333333
1266,777.3333333
1267,466.3333333
1268,181
1269,250.6666667
1270,196
1271,453.3333333
1272,548.3333333
1273,326.6666667
1274,631.6666667
1275,136
1276,713.6666667
1277,322.6666667
1278,408.3333333
1279,288.3333333
1280,447.3333333
1281,367.3333333
1282,303
1283,350.6666667
1284,464.3333333
1285,403
1286,972.3333333
1287,677.6666667
1288,813
1289,961.6666667
1290,1213.333333
1291,670
1292,638.3333333
1293,1490.333333
1294,451
1295,517.6666667
1296,527.6666667
1297,355
1298,373.6666667
1299,683.3333333
1300,439.3333333
1301,660
1302,733.6666667
1303,862.3333333
1304,361
1305,413.6666667
1306,1689.333333
1307,691.3333333
1308,800
1309,922
1310,506
1311,359
1312,464
1313,505.3333333
1314,272.3333333
1315,484.3333333
1316,197.3333333
1317,322.3333333
1318,422
1319,203.3333333
1320,489
1321,380.6666667
1322,274.6666667
1323,675.6666667
1324,464.6666667
1325,596.6666667
1326,308
1327,349
1328,263
1329,465.3333333
1330,1048.333333
1331,1267.333333
1332,533
1333,195.3333333
1334,536.3333333
1335,228.3333333
1336,365
1337,342
1338,276.6666667
1339,0
1340,0
1341,0
1342,0
1343,0
1344,0
1345,3
1346,0
1347,329.3333333
1348,2
1349,0
1350,53.33333333
1351,0
1352,0
1353,0
1354,181
1355,670.6666667
1356,719
1357,1278.666667
1358,665.6666667
1359,0
1360,33.66666667
1361,0
1362,59.66666667
1363,89.66666667
1364,205.3333333
1365,0
1366,303.3333333
1367,0
1368,0
1369,0
1370,0
1371,0
1372,0
1373,336
1374,0
1375,525.6666667
1376,160.3333333
1377,379.6666667
1378,791
1379,153.3333333
1380,153
1381,94.33333333
1382,509.6666667
1383,412
1384,181.6666667
1385,239
1386,378.6666667
1387,173
1388,0
1389,0
1390,0
1391,0
1392,0
1393,0
1394,0
1395,11
1396,114
1397,288.3333333
1398,675.6666667
1399,0
1400,0
1401,174
1402,1
1403,113.6666667
1404,1060
1405,706.6666667
1406,226
1407,198.3333333
1408,358.6666667
1409,109.3333333
1410,157
1411,1577.333333
1412,941
1413,1986.333333
1414,735
1415,1315.333333
1416,636.6666667
1417,56
1418,29.66666667
1419,97.33333333
1420,1480.333333
1421,732
1422,1202
1423,1674.333333
1424,252.6666667
1425,251
1426,474.3333333
1427,687.3333333
1428,482
1429,0
1430,1856.666667
1431,810
1432,97.66666667
1433,1204
1434,810
1435,918.6666667
1436,700.3333333
1437,672
1438,763.6666667
1439,474
1440,962
1441,1241.666667
1442,522.6666667
1443,356
1444,1028
1445,456
1446,7.666666667
1447,168.3333333
1448,250.3333333
1449,847
1450,1.333333333
1451,1593.666667
1452,425
1453,3
1454,243.3333333
1455,318.6666667
1456,1423
1457,1138.666667
1458,766.6666667
1459,71.33333333
1460,1139.666667
1461,333.3333333
1462,153.6666667
1463,1280
1464,664.6666667
1465,2
1466,252
1467,375.3333333
1468,496.3333333
1469,168.6666667
1470,236
1471,448
1472,66.33333333
1473,197.6666667
1474,117.3333333
1475,869
1476,57.66666667
1477,456.3333333
1478,432.3333333
1479,804.6666667
1480,2
1481,5
1482,481.3333333
1483,395.3333333
1484,266.6666667
1485,5.333333333
1486,310.3333333
1487,508
1488,341.3333333
1489,684.3333333
1490,202.3333333
1491,710.3333333
1492,273.3333333
1493,14
1494,0
1495,340
1496,222
1497,330
1498,383.6666667
1499,392
1500,200.3333333
1501,961.6666667
1502,274.6666667
1503,299.3333333
1504,389.6666667
1505,359.3333333
1506,416.3333333
1507,701.6666667
1508,568.3333333
1509,410.3333333
1510,254
1511,229
1512,390
1513,548.6666667
1514,700
1515,23.33333333
1516,1
1517,383.6666667
1518,623.6666667
1519,72.66666667
1520,19
1521,55
1522,70.33333333
1523,6.666666667
1524,26.66666667
1525,25.33333333
1526,184.6666667
1527,37.33333333
1528,173.6666667
1529,70
1530,41
1531,857.3333333
1532,675.6666667
1533,0
1534,163.3333333
1535,1356.333333
1536,259.6666667
1537,742
1538,465.6666667
1539,245.6666667
1540,381
1541,659.6666667
1542,589
1543,129.6666667
1544,184
1545,1376.333333
1546,478
1547,464
1548,207
1549,289.3333333
1550,607
1551,198.6666667
1552,53
1553,471
1554,296.6666667
1555,406.3333333
1556,158
1557,339.3333333
1558,266.3333333
1559,224.6666667
1560,333.3333333
1561,447
1562,11.66666667
1563,1123.666667
1564,19.66666667
1565,1298.666667
1566,177.3333333
1567,297.6666667
1568,223.3333333
1569,692.6666667
1570,540.6666667
1571,678
1572,685
1573,707.3333333
1574,234
1575,182.6666667
1576,288.3333333
1577,22.66666667
1578,0
1579,158
1580,125.6666667
1581,403.6666667
1582,241.3333333
1583,95.66666667
1584,211.6666667
1585,473.3333333
1586,386.3333333
1587,289.3333333
1588,186.3333333
1589,324
1590,606.3333333
1591,662
1592,523.6666667
1593,254.6666667
1594,111
1595,231.6666667
1596,399.3333333
1597,110
1598,70
1599,91
1600,623.6666667
1601,87.66666667
1602,0
1603,251.6666667
1604,136.6666667
1605,831.6666667
1606,432.6666667
1607,183.3333333
1608,284.6666667
1609,113.3333333
1610,169.3333333
1611,66
1612,136.3333333
1613,74.33333333
1614,115.6666667
1615,146
1616,580.6666667
1617,176.3333333
1618,171.3333333
1619,181.3333333
1620,98
1621,120
1622,239
1623,17.66666667
1624,81.33333333
1625,764.6666667
1626,93.66666667
1627,125
1628,117.3333333
1629,134.6666667
1630,112
1631,8.666666667
1632,3
1633,431
1634,1
1635,912.3333333
1636,539.6666667
1637,291.6666667
1638,534.6666667
1639,1003.666667
1640,394.6666667
1641,553.6666667
1642,238.3333333
1643,688.3333333
1644,535
1645,772
1646,146.3333333
1647,134.6666667
1648,1262.666667
1649,714.6666667
1650,322
1651,398.3333333
1652,1369
1653,493.6666667
1654,124
1655,713
1656,901.3333333
1657,185
1658,271.6666667
1659,0
1660,736.3333333
1661,637.6666667
1662,955.3333333
1663,294.3333333
1664,712
1665,450.3333333
1666,1005.666667
1667,802
1668,208
1669,279.3333333
1670,175
1671,469.3333333
1672,270.3333333
1673,582
1674,759.3333333
1675,934
1676,368
1677,636.3333333
1678,366.3333333
1679,578.3333333
1680,776.3333333
1681,449.6666667
1682,459.3333333
1683,510.3333333
1684,590
1685,380.6666667
1686,656
1687,244.3333333
1688,1343.666667
1689,1376
1690,292.3333333
1691,309.6666667
1692,318.3333333
1693,419.3333333
1694,1036.333333
1695,245.6666667
1696,458.3333333
1697,492
1698,343.6666667
1699,389.6666667
1700,451
1701,1326.333333
1702,733
1703,501
1704,127.3333333
1705,496.3333333
1706,69
1707,149.3333333
1708,570.3333333
1709,266.3333333
1710,255
1711,470.6666667
1712,739
1713,324
1714,437.3333333
1715,668.3333333
1716,457.3333333
1717,439.3333333
1718,325
1719,228.3333333
1720,1020.333333
1721,488.6666667
1722,992
1723,717.3333333
1724,330
1725,181.3333333
1726,95.66666667
1727,120
1728,460.6666667
1729,87.33333333
1730,230.6666667
1731,644.3333333
1732,886.3333333
1733,374
1734,317
1735,490.3333333
1736,335
1737,517.3333333
1738,396.6666667
1739,473.6666667
1740,392.3333333
1741,265.6666667
1742,405.6666667
1743,403
1744,492
1745,358
1746,856
1747,516
1748,228.6666667
1749,288.6666667
1750,429.6666667
1751,441
1752,617.3333333
1753,865.3333333
1754,56.33333333
1755,705.3333333
1756,282.3333333
1757,16.66666667
1758,494.6666667
1759,491.6666667
1760,184.6666667
1761,519.3333333
1762,671.3333333
1763,732.6666667
1764,140.6666667
1765,98
1766,342
1767,236.3333333
1768,286.6666667
1769,155.3333333
1770,502
1771,385.6666667
1772,756.3333333
1773,39
1774,474.6666667
1775,397.3333333
1776,577
1777,551
1778,800
1779,68
1780,329
1781,1005
1789,1
1790,0
1791,0
1792,0
1793,1
1794,0
1795,1
1796,0
1797,0
1798,0
1799,0
1800,0
1801,0
1802,4
1803,6
1804,6
1805,23
1806,7
1807,1
1808,5
1809,0
1810,0
1811,0
1812,0
1813,0
1814,0
1815,1
1816,11
1817,113
1818,0
1819,25
1820,71.66666667
1821,49.33333333
1822,33.66666667
1823,345.3333333
1824,391
1825,12.33333333
1826,22.66666667
1827,35.33333333
1828,71.33333333
1829,70.66666667
1830,40.33333333
1831,106.3333333
1832,10
1833,26.66666667
1834,0
1835,6
1836,0
1837,0
1838,0
1839,0
1840,0
1841,13
1842,87.66666667
1843,0
1844,0
1845,0
1846,0
1847,0
1848,0
1849,0
1850,0
1851,0
1852,0
1853,7.666666667
1854,60
1855,0
1856,5
1857,0
1858,0
1859,0
1860,0
1861,0
1862,0
1863,0
1864,0
1865,308.3333333
1866,165.3333333
1867,318.6666667
1868,121.6666667
1869,189.3333333
1870,374.6666667
1871,26.66666667
1872,0.666666667
1873,15.33333333
1874,84.33333333
1875,95.66666667
1876,1
1877,20
1878,32.66666667
1879,1
1880,0
1881,36
1882,76
1883,0
1884,12.33333333
1885,0
1886,0
1887,0
1888,53.33333333
1889,0
1890,0
1891,0
1892,0
1893,91
1894,0
1895,0
1896,0
1897,0
1898,2.333333333
1899,74.33333333
1900,329.3333333
1901,368.3333333
1902,158.3333333
1903,350.3333333
1904,418.3333333
1905,267.6666667
1906,182.3333333
1907,107.3333333
1908,303
1909,266.3333333
1910,4.333333333
1911,0
1912,3
1913,0
1914,0
1915,3
1916,0
1917,1
1918,1
1919,0
1920,2.333333333
1921,7.333333333
1922,33.66666667
1923,57
1924,123.3333333
1925,49.33333333
1926,92.66666667
1927,99.33333333
1928,369
1929,144
1930,475.6666667
1931,120.6666667
1932,185.6666667
1933,164.6666667
1934,410
1935,130.3333333
1936,33.66666667
1937,268.6666667
1938,426
1939,188
1940,170.6666667
1941,127
1942,62.66666667
1943,104.3333333
1944,60
1945,73.66666667
1946,123
1947,87.33333333
1948,264
1949,321
1950,169.6666667
1951,495.3333333
1952,325.3333333
1953,564.6666667
1954,182
1955,367.3333333
1956,86.66666667
1957,72.33333333
1958,114.6666667
1959,50
1960,145.6666667
1961,193
1962,430.6666667
1963,441.3333333
1964,0
1965,59.66666667
1966,32.66666667
1967,0
1968,13.66666667
1969,9
1970,133
1971,52
1972,134
1973,67.66666667
1974,119.6666667
1975,89
1976,590
1977,462
1978,312.3333333
1979,97
1980,7.666666667
1981,75
1982,696.3333333
1983,241.3333333
1984,662.6666667
1985,0
1986,42.33333333
1987,0
1988,0
1989,0
1990,20
1991,32.66666667
1992,115.3333333
1993,23.66666667
1994,1
1995,145.6666667
1996,874.6666667
1997,951.3333333
1998,59
1999,29.66666667
2000,1.666666667
2001,7
2002,356
2003,79.66666667
2004,82
2005,89.66666667
2006,13.33333333
2007,104
2008,18.33333333
2009,58.33333333
2010,20.33333333
2011,42.66666667
2012,0
2013,161.6666667
2014,330.6666667
2015,171
2016,239
2017,245.6666667
2018,367.3333333
2019,128.3333333
2020,185
2021,6
2022,0
2023,106.6666667
2024,53
2025,437.3333333
2026,485.3333333
2027,130
2028,618
2029,113
2030,141
2031,275.3333333
2032,352.3333333
2033,0
2034,253.3333333
2035,22.66666667
2036,154
2037,216
2038,107.6666667
2039,266
2040,249.6666667
2041,244.6666667
2042,236.6666667
2043,67
2044,63.66666667
2045,47
2046,142
2047,81
2048,125
2049,120
2050,313.6666667
2051,36
2052,194.3333333
2053,89
2054,282.6666667
2055,227.3333333
2056,226.3333333
2057,336.6666667
2058,358
2059,190.6666667
2060,231.6666667
2061,266.3333333
2062,341.3333333
2063,276.3333333
2064,279
2065,191.3333333
2066,480.3333333
2067,340
2068,297.6666667
2069,176.6666667
2070,228.3333333
2071,101
2072,300
2073,148.6666667
2074,63
2075,153.3333333
2076,246.3333333
2077,312
2078,141.6666667
2079,0
2080,20
2081,29
2082,217.6666667
2083,0
2084,159
2085,0
2086,660
2087,0
2088,5
2089,0
2090,0
2091,0
2092,231.3333333
2093,0
2094,413
2095,0
2096,0
2097,0
2098,0
2099,0
2100,0
2101,151.6666667
2102,0
2103,345.3333333
2104,690
2105,2
2106,101.6666667
2107,21.33333333
2108,648.3333333
2109,47.66666667
2110,290.3333333
2111,675
2112,0
2113,0
2114,251.3333333
2115,264
2116,0
2117,541.6666667
2118,0
2119,867.6666667
2120,323.3333333
2121,426
2122,315
2123,422
2124,73.33333333
2125,246
2126,51.33333333
2127,348
2128,211
2129,372.6666667
2130,212
2131,171
2132,345.6666667
2133,383.3333333
2134,207.3333333
2135,244.6666667
2136,120.6666667
2137,100.3333333
2138,134.6666667
2139,332
2140,217.3333333
2141,267.3333333
2142,351.3333333
2143,249.6666667
2144,308.3333333
2145,290
2146,304.6666667
2147,222.6666667
2148,154.3333333
2149,472.3333333
2150,340.3333333
2151,469
2152,285.3333333
2153,274.6666667
2154,303.6666667
2155,223.3333333
2156,329
2157,218.3333333
2158,431.6666667
2159,353.3333333
2160,93
2161,596.3333333
2162,357.3333333
2163,434
2164,55
2165,481
2166,347.6666667
2167,543
2168,483.6666667
2169,495
2170,615
2171,3
2172,0
2173,365
2174,306.6666667
2175,254.6666667
2176,741
2177,12.66666667
2178,173
2179,408.6666667
2180,138.3333333
2181,451
2182,101.3333333
2183,657.3333333
2184,136.3333333
2185,161.3333333
2186,76
2187,704
2188,1
2189,41
2190,27.33333333
2191,83.66666667
2192,35.33333333
2193,317.6666667
2194,50.66666667
2195,102.3333333
2196,78.66666667
2197,0
2198,0
2199,14.66666667
2200,7.333333333
2201,0
2202,15
2203,0
2204,288
2205,287.6666667
2206,244.3333333
2207,123.6666667
2208,304.6666667
2209,304.6666667
2210,417.3333333
2211,617.6666667
2212,433
2213,515
2214,446
2215,541
2216,413.3333333
2217,514.6666667
2218,555.3333333
2219,51
2220,241
2221,697.3333333
2222,523.3333333
2223,615.3333333
2224,142.3333333
2225,438
2226,390.3333333
2227,39
2228,229
2229,299
2230,426
2231,1095.666667
2232,827.6666667
2233,186
2234,343.6666667
2235,4
2236,1056.666667
2237,1
2238,204
2239,0
2240,6.333333333
2241,0
2242,296.6666667
2243,83.33333333
2244,0
2245,0
2246,148
2247,166.3333333
2248,234.3333333
2249,310.6666667
2250,25
2251,1
2252,0.333333333
2253,0
2254,83.66666667
2255,91.33333333
2256,0
2257,0
2258,222.3333333
2259,0
2260,0
2261,0
2262,124.3333333
2263,75.33333333
2264,0
2265,72.66666667
2266,2
2267,92.33333333
2268,263.6666667
2269,507.3333333
2270,429.6666667
2271,1
2272,86
2273,73.66666667
2274,175.6666667
2275,408.6666667
2276,1
2277,169.3333333
2278,933.3333333
2279,222.3333333
2280,199.3333333
2281,4.666666667
2282,581.6666667
2283,38.66666667
2284,16.66666667
2285,313.3333333
2286,257.6666667
2287,342.3333333
2288,552.3333333
2289,457
2290,958.6666667
2291,553.6666667
2292,737
2293,617.6666667
2294,414.3333333
2295,863
2296,427.6666667
2297,756.3333333
2298,173.3333333
2299,610.3333333
2300,726.6666667
2301,152.3333333
2302,466.6666667
2303,281
2304,104
2305,704.3333333
2306,616
2307,347
2308,583.6666667
2309,373.6666667
2310,815.6666667
2311,497
2312,425.6666667
2313,79
2314,265.6666667
2315,425.6666667
2316,539
2317,418
2318,696.6666667
2319,255.3333333
2320,537
2321,247.6666667
2322,556.6666667
2323,465.6666667
2324,477.6666667
2325,431.3333333
2326,345.6666667
2327,438
2328,636.6666667
2329,23
2330,0.666666667
2331,5.333333333
2332,302
2333,452.6666667
2334,361.3333333
2335,84.66666667
2336,451
2337,260.3333333
2338,778.3333333
2339,4.333333333
2340,310.3333333
2341,388
2342,200.3333333
2343,10
2344,0
2345,417
2346,394.3333333
2347,862.6666667
2348,363.6666667
2349,665.3333333
2350,212.6666667
2351,416.6666667
2352,0
2353,7.666666667
2354,0
2355,101.6666667
2356,444.6666667
2357,268.3333333
2358,103.3333333
2359,311.6666667
2360,72.66666667
2361,389.3333333
2362,362.6666667
2363,380
2364,97
2365,623.3333333
2366,605.3333333
2367,344.6666667
2368,543.3333333
2369,5.333333333
2370,673.3333333
2371,353.3333333
2372,496
2373,347
2374,483.6666667
2375,89.33333333
2376,238.3333333
2377,653.6666667
2378,222.6666667
2379,406.6666667
2380,826
2381,454.6666667
2382,171
2383,209
2384,24
2385,641.6666667
2386,268
2387,995.3333333
2388,1083
2389,708.3333333
2390,505.6666667
2391,496.3333333
2392,837.3333333
2393,524.6666667
2394,336.3333333
2395,451
2396,222
2397,225.3333333
2398,119
2399,145.3333333
2400,0
2401,341.6666667
2402,382.3333333
2403,682.6666667
2404,338.3333333
2405,505
2406,275.3333333
2407,80
2408,392.6666667
2409,124
2410,388.6666667
2411,348
2412,111.3333333
2413,499
2414,1
2415,638
2416,280
2417,664.3333333
2418,349.6666667
2419,176.3333333
2420,394.3333333
2421,23
2422,290.3333333
2423,356
2424,42.66666667
2425,237
2426,545.3333333
2427,205.6666667
2428,528
2429,130.3333333
2430,81.33333333
2431,479.3333333
2432,253
2433,4
2434,47
2435,311.6666667
2436,496.6666667
2437,305
2438,6
2439,31.33333333
2440,122.6666667
2441,160
2442,130.3333333
2443,158
2444,112.3333333
2445,490.3333333
2446,170.3333333
2447,296.3333333
2448,308.3333333
2449,254
2450,239.6666667
2451,222.6666667
2452,310
2453,267.6666667
2454,855
2455,279
2456,182.3333333
2457,344.3333333
2458,35.33333333
2459,2
2460,114
2461,237
2462,300
2463,402.3333333
2464,275.6666667
2465,261.6666667
2466,314
2467,468
2468,246
2469,31.33333333
2470,343.6666667
2471,0
2472,0
2473,0
2474,170.3333333
2475,559
2476,450
2477,203.3333333
2478,0
2479,0
2480,0
2481,37
2482,514.3333333
2483,1
2484,0
2485,0
2486,1
2487,0
2488,0
2489,0
2490,39.66666667
2491,0
2492,1
2493,113.3333333
2494,337.6666667
2495,0
2496,250.6666667
2497,362.6666667
2498,137.6666667
2499,232
2500,207
2501,489
2502,364
2503,384.3333333
2504,273.6666667
2505,390
2506,386
2507,345
2508,323.6666667
2509,363.3333333
2510,217.6666667
2511,397.3333333
2512,284.6666667
2513,39.66666667
2514,203.6666667
2515,189.6666667
2516,496.6666667
2517,213
2518,292
2519,98.66666667
2520,49
2521,0
2522,4.666666667
2523,8
2524,30
2525,135.6666667
2526,294
2527,373.3333333
2528,239.3333333
2529,323
2530,169
2531,209
2532,247
2533,388.6666667
2534,200
2535,352.3333333
2536,244.3333333
2537,257.6666667
2538,206.6666667
2539,264.3333333
2540,95.66666667
2541,426
2542,159
2543,121.3333333
2544,272
2545,258.6666667
2546,127.3333333
2547,77
2548,223.3333333
2549,265.3333333
2550,230.6666667
2551,27.66666667
2552,225.6666667
2553,61
2554,45.33333333
2555,28.66666667
2556,1
2557,25.33333333
2558,27
2559,0
2560,0
2561,259.6666667
2562,423.3333333
2563,30.66666667
2564,106
2565,55
2566,466.3333333
2567,130.6666667
2568,41.66666667
2569,339.3333333
2570,68.33333333
2571,36.33333333
2572,84
2573,4.333333333
2574,185.6666667
2575,180.6666667
2576,540.3333333
2577,132.6666667
2578,354
2579,214.3333333
2580,664
2581,102.6666667
2582,381.3333333
2583,415.6666667
2584,459.6666667
2585,416.6666667
2586,5.333333333
2587,138
2588,60
2589,31
2590,64
2591,30.33333333
2592,0
2593,79.33333333
2594,51.33333333
2595,287.3333333
2596,331
2597,181.6666667
2598,292.3333333
2599,284.3333333
2600,274.6666667
2601,194
2602,230.6666667
2603,293.6666667
2604,299.3333333
2605,178.3333333
2606,242.6666667
2607,155.6666667
2608,246.3333333
2609,281
2610,57
2611,213.6666667
2612,315.3333333
2613,325
2614,325.6666667
2615,160
2616,116
2617,20.33333333
2618,47.66666667
2619,57.33333333
2620,117
2621,153.6666667
2622,3
2623,38
2624,62.33333333
2625,72.33333333
2626,0.333333333
2627,58
2628,41.66666667
2629,16
2630,8
2631,1.333333333
2632,279.6666667
2633,169.6666667
2634,2
2635,385.6666667
2636,199.6666667
2637,0
2638,0
2639,3
2640,1
2641,3
2642,13.33333333
2643,1
2644,0
2645,4
2646,12
2647,15
2648,1
2649,17
2650,11
2651,14
2652,12
2653,22.33333333
2654,20.33333333
2655,8
2656,13
2657,3
2658,5
2659,4
2660,5
2661,1
2662,3
2663,5
2664,15.33333333
2665,15.33333333
2666,35.66666667
2667,36
2668,13
2669,36.66666667
2670,38
2671,85.66666667
2672,9
2673,26.66666667
2674,64.66666667
2675,24.66666667
2676,8
2677,25.33333333
2678,63.33333333
2679,54.66666667
2680,17
2681,6
2682,7
2683,56
2684,3
2685,17
2686,5
2687,13
2688,5
2689,3
2690,1
2691,0
2692,65
2693,20.66666667
2694,2
2695,5
2696,13
2697,8
2698,26.33333333
2699,34
2700,14
2701,12
2702,56
2703,15
2704,18
2705,9
2706,111.6666667
2707,14.66666667
2708,38.66666667
2709,48.33333333
2710,27.33333333
2711,19.66666667
2712,9
2713,0
2714,1.666666667
2715,19
2716,219
2717,20.33333333
2718,28.66666667
2719,8
2720,11.66666667
2721,12
2722,8
2723,8
2724,3
2725,1
2726,55.33333333
2727,4
2728,3.666666667
2729,24.33333333
2730,85.66666667
2731,89
2732,214.3333333
2733,1
2734,68
2735,127.3333333
2736,31.66666667
2737,98.66666667
2738,19.33333333
2739,172.3333333
2740,61
2741,6
2742,2
2743,122
2744,286
2745,64.66666667
2746,27.66666667
2747,103
2748,222.6666667
2749,211
2750,127.6666667
2751,229
2752,208.3333333
2753,84.66666667
2754,303.6666667
2755,77.66666667
2756,152.3333333
2757,103
2758,70.33333333
2759,51.33333333
2760,150.6666667
2761,192.6666667
2762,7
2763,23.33333333
2764,138.3333333
2765,52
2766,47
2767,253.6666667
2768,345
2769,155.3333333
2770,307.3333333
2771,0
2772,77
2773,2
2774,1
2775,107.3333333
2776,99.33333333
2777,65.33333333
2778,189.6666667
2779,223.6666667
2780,203.6666667
2781,145.3333333
2782,85
2783,310.6666667
2784,52
2785,132.3333333
2786,79.66666667
2787,205.6666667
2788,409.6666667
2789,278.3333333
2790,323.6666667
2791,399.6666667
2792,230.3333333
2793,96
2794,420.6666667
2795,305.6666667
2796,0
2797,309.3333333
2798,299.6666667
2799,15.66666667
2800,367.3333333
2801,10.33333333
2802,93.33333333
2803,343
2804,92
2805,7.333333333
2806,143.3333333
2807,36.33333333
2808,2.666666667
2809,8.333333333
2810,3.333333333
2811,172
2812,165
2813,4.333333333
2814,14
2815,3
2816,6.333333333
2817,29
2818,74.33333333
2819,159.3333333
2820,224.6666667
2821,86.33333333
2822,226
2823,292
2824,339.3333333
2825,91.66666667
2826,201.3333333
2827,1
2828,0.666666667
2829,12.33333333
2830,20.33333333
2831,19.66666667
2832,106.3333333
2833,0
2834,7
2835,10.66666667
2836,55
2837,263
2838,190.6666667
2839,4.333333333
2840,126.3333333
2841,7
2842,16.33333333
2843,1
2844,2
2845,3
2846,1
2847,0
2848,1.333333333
2849,433.3333333
2850,193.6666667
2851,156.3333333
2852,4
2853,39.33333333
2854,139.3333333
2855,85.66666667
2856,45.66666667
2857,57.33333333
2858,24.66666667
2859,24
2860,1
2861,0
2862,28.33333333
2863,30.66666667
2864,110.3333333
2865,29.33333333
2866,20.66666667
2867,192.6666667
2868,96.66666667
2869,14.33333333
2870,3.666666667
2871,0
2872,0
2873,0
